site_no,station_nm,dec_long_va,dec_lat_va,drain_area_va,flood_stage,flood_nu,moderate_flood_stage,moderate_flood_nu,major_flood_stage,major_flood_nu,flow_dt,flow_va,stage_dt,stage_va,peak_rank,peak_count,peak_max,peak_max_yr
"02475000","LEAF RIVER NR MCLAIN, MS",-88.80833330,31.10277778,3495,18,2,24,1,28,1,2019-05-26,54100,2019-05-26,34.84,22,79,131000,1900
"02478500","CHICKASAWHAY RIVER AT LEAKESVILLE, MS",-88.54805560,31.14861110,2690,20,2,28,0,31,0,2019-05-20,20700,2019-05-20,25.04,49,82,125000,1900
"02479310","PASCAGOULA RIVER AT GRAHAM FERRY, MS",-88.64138889,30.61055556,8204,16,1,18,0,20,0,2019-05-20,59900,2019-05-20,16.04,16,22,123000,2001
"02488500","PEARL RIVER NR MONTICELLO, MS",-90.08805560,31.55333333,4993,22,2,25,0,33,0,2019-05-20,28700,2019-05-20,23.17,74,97,122000,1979
"02489000","PEARL RIVER NR COLUMBIA, MS",-89.84694440,31.23777778,5720,17,1,23,0,26,0,2019-05-20,32200,2019-05-20,17.46,77,115,165000,1874
"02489500","Pearl River near Bogalusa, LA",-89.82090720,30.79324276,6573.00,18,7,21,0,23,0,2019-05-20,40300,2019-05-20,20.96,51,80,133000,2016
"02492600","Pearl River at Pearl River, LA",-89.73673040,30.38519300,8494.00,14,8,17,0,18,0,-999,-999,2019-05-20,16.80,-999,-999,-999,-999
"03323000","WABASH RIVER AT BLUFFTON, IN",-85.17144440,40.74236110,532,10,1,14,0,18,0,2019-05-27,4430,2019-05-27,11.17,45,65,25000,1913
"03324300","SALAMONIE RIVER NEAR WARREN, IN",-85.45358470,40.71254489,425,12,1,15,0,17,0,2019-05-27,9560,2019-05-27,14.40,13,59,13500,1998
"03325519","MISSISSINEWA RIVER AT RIDGEVILLE, IN",-85.02847220,40.28305556,141,10,2,12,1,15,0,2019-05-26,3050,2019-05-26,12.94,-999,-999,-999,-999
"03332555","TIPPECANOE RIVER AT NORWAY, IN",-86.75888889,40.77863889,1760,11.5,1,14.8,0,16.8,0,2019-05-27,6970,2019-05-27,11.58,-9,8,23700,2009
"03335000","WILDCAT CREEK NEAR LAFAYETTE, IN",-86.82917520,40.44059108,794,10,2,15,0,-999,-999,2019-05-26,5800,2019-05-26,10.98,57,62,25000,1958
"03335500","WABASH RIVER AT LAFAYETTE, IN",-86.89694440,40.42194444,7267,11,6,18,0,26,0,2019-05-27,24500,2019-05-27,13.98,108,114,190000,1913
"03336000","WABASH RIVER AT COVINGTON, IN",-87.40668050,40.14003770,8218,16,5,24,0,29,0,2019-05-27,23800,2019-05-27,17.75,86,92,200000,1913
"03340500","WABASH RIVER AT MONTEZUMA, IN",-87.37390530,39.79253835,11118,14,5,24,0,31,0,2019-05-25,27300,2019-05-25,16.68,87,94,230000,1913
"03341500","WABASH RIVER AT TERRE HAUTE, IN",-87.41950000,39.46572220,12265,16.5,5,24.5,0,30,0,2019-05-25,28600,2019-05-25,17.59,117,127,245000,1913
"03342000","WABASH RIVER AT RIVERTON, IN",-87.56863440,39.02032020,13161,15,8,22,0,26,0,2019-05-26,31400,2019-05-26,17.09,76,82,250000,1913
"03346500","EMBARRAS RIVER AT LAWRENCEVILLE, IL",-87.66444440,38.72361110,2333,30,5,37,0,41,0,2019-05-25,11900,2019-05-25,32.12,15,16,47500,2008
"03357330","BIG WALNUT CREEK NEAR ROACHDALE, IN",-86.75334000,39.81615670,131,12,1,15,1,-999,-999,2019-05-24,10600,2019-05-24,17.99,4,16,18600,2013
"03360730","WHITE RIVER NEAR EDWARDSPORT, IN",-87.24186110,38.79505556,5015,15,5,22,0,25,0,2019-05-25,18100,2019-05-25,17.17,-9,5,61400,2013
"03374000","WHITE RIVER AT PETERSBURG, IN",-87.28945830,38.51088224,11125,16,2,23.5,0,26,0,2019-05-27,28500,2019-05-27,16.00,90,95,235000,1913
"03374100","WHITE RIVER AT HAZLETON, IN",-87.55002269,38.48976950,11305,16,2,24,0,28,0,2019-05-27,28300,2019-05-27,16.18,-9,7,138000,2011
"03378500","WABASH RIVER AT NEW HARMONY, IN",-87.94030790,38.13199014,29234,15,2,20,0,23,0,2019-05-27,74600,2019-05-27,15.22,-9,7,317000,2011
"03378635","LITTLE WABASH RIVER NEAR EFFINGHAM, IL",-88.59421790,39.10393125,240,16,1,18,0,-999,-999,2019-05-23,5440,2019-05-23,16.73,36,51,31500,2002
"03379500","LITTLE WABASH RIVER BELOW CLAY CITY, IL",-88.29726630,38.63477048,1131,18,6,22,0,25,0,2019-05-27,8330,2019-05-27,20.66,74,103,47000,1950
"04182000","ST. MARYS RIVER NEAR FORT WAYNE, IN",-85.11191400,40.98782570,762,14,2,17,0,19,0,2019-05-21,7440,2019-05-21,14.51,39,86,16000,2003
"05420400","Mississippi River at Lock and Dam 13 nr Fulton, IL",-90.15679300,41.89447250,85600,16,3,18,0,20,0,-999,-999,2019-05-27,17.35,-999,-999,-999,-999
"05420500","Mississippi River at Clinton, IA",-90.25207300,41.78058635,85600,17,8,18.5,1,20.5,0,2019-05-27,183000,2019-05-27,18.76,25,144,307000,1965
"05422000","Wapsipinicon River near De Witt, IA",-90.53485880,41.76697439,2336,11,3,11.5,2,12.5,0,2019-05-27,8560,2019-05-27,12.25,51,83,40900,2014
"05446500","ROCK RIVER NEAR JOSLIN, IL",-90.18527780,41.55611110,9549,12,5,14,0,16.5,0,2019-05-27,22800,2019-05-27,13.89,48,77,47700,2002
"05451770","Iowa River at County Highway E49 near Tama, IA",-92.63655000,41.96425556,1882,12.5,3,13,3,14,0,2019-05-26,12700,2019-05-26,13.32,5,6,26700,2013
"05452500","Iowa River near Belle Plaine, IA",-92.27791670,41.85905556,2455,15,7,-999,-999,-999,-999,2019-05-27,10900,2019-05-27,17.11,13,25,43000,1918
"05453000","Big Bear Creek at Ladora, IA",-92.18212670,41.74944709,189,20,3,-999,-999,-999,-999,2019-05-24,4180,2019-05-24,22.81,39,72,11200,2014
"05453100","Iowa River at Marengo, IA",-92.06479200,41.81272566,2794,15,8,17,4,19,0,2019-05-25,11300,2019-05-25,17.52,39,62,51000,2008
"05454220","Clear Creek near Oxford, IA",-91.74017370,41.71834550,58.4,10,2,-999,-999,-999,-999,2019-05-24,976,2019-05-24,11.59,15,23,6000,2013
"05455100","Old Mans Creek near Iowa City, IA",-91.61572419,41.60640518,201,12,5,-999,-999,-999,-999,2019-05-20,3890,2019-05-20,15.28,20,67,14600,2013
"05455500","English River at Kalona, IA",-91.71461290,41.46973870,574,14,8,16,7,18,2,2019-05-20,10500,2019-05-20,18.52,20,79,36100,1993
"05455700","Iowa River near Lone Tree, IA",-91.47852780,41.42377778,4293,16,4,18.5,0,22,0,2019-05-26,19100,2019-05-26,16.59,19,62,57100,1993
"05464500","Cedar River at Cedar Rapids, IA",-91.66712390,41.97194549,6510,12,2,14,0,16,0,2019-05-27,32300,2019-05-27,12.46,40,116,140000,2008
"05465000","Cedar River near Conesville, IA",-91.29043350,41.40919179,7787,13,6,15,0,16.5,0,2019-05-27,30600,2019-05-27,14.59,36,79,127000,2008
"05465500","Iowa River at Wapello, IA",-91.18209390,41.17808610,12500,21,6,25,0,27.5,0,2019-05-27,51200,2019-05-27,23.37,36,115,188000,2008
"05465700","Iowa River at Oakville, IA",-91.06352780,41.10319444,12630,11,8,15,0,20,0,-999,-999,2019-05-27,13.36,-999,-999,-999,-999
"05466500","EDWARDS RIVER NEAR NEW BOSTON, IL",-90.96736630,41.18697738,445,17,8,-999,-999,-999,-999,2019-05-24,6370,2019-05-24,22.86,16,83,18000,1973
"05467000","POPE CREEK NEAR KEITHSBURG, IL",-90.91930940,41.12892328,174,24,8,-999,-999,-999,-999,2019-05-23,1730,2019-05-23,27.97,61,78,9640,2013
"05469000","HENDERSON CREEK NEAR OQUAWKA, IL",-90.85430720,41.00142580,432,21.5,8,-999,-999,-999,-999,2019-05-23,5440,2019-05-23,25.21,40,83,34600,1982
"05472500","North Skunk River near Sigourney, IA",-92.20462550,41.30084520,730,16,8,18,7,21,1,2019-05-20,11100,2019-05-20,22.19,15,73,27500,1960
"05474000","Skunk River at Augusta, IA",-91.27709420,40.75365038,4312,15,8,17,5,20,0,2019-05-23,25100,2019-05-23,18.88,44,104,66800,1973
"05484900","Raccoon River at Fleur Drive at Des Moines, IA",-93.64299640,41.58165598,3625,12,4,16,2,25,0,2019-05-25,26000,2019-05-25,16.86,12,35,67900,1993
"05485500","Des Moines River blw Raccoon Riv at Des Moines, IA",-93.60549510,41.57776716,9879,24,4,26,3,30,0,2019-05-25,41700,2019-05-25,27.43,21,79,116000,1993
"05485640","Fourmile Creek at Des Moines, IA",-93.54549320,41.61387800,92.7,12.5,1,14,0,16,0,2019-05-24,3880,2019-05-24,12.97,13,45,9620,2010
"05486000","North River near Norwalk, IA",-93.65496850,41.45790739,349,22,2,25,0,26,0,2019-05-25,8310,2019-05-25,23.26,15,78,32000,1947
"05489500","Des Moines River at Ottumwa, IA",-92.41129630,41.01084795,13374,11.5,5,15,0,19,0,2019-05-27,41500,2019-05-27,13.43,30,102,140000,1903
"05490500","Des Moines River at Keosauqua, IA",-91.95961700,40.72780589,14038,22,1,25,0,27,0,2019-05-27,55300,2019-05-27,22.86,25,111,146000,1903
"05490600","Des Moines River at St. Francisville, MO",-91.56696390,40.46240830,14300,18,6,22,1,25,0,2019-05-27,58100,2019-05-27,22.89,3,3,66700,2015
"05495000","Fox River at Wayland, MO",-91.59788890,40.39241667,400,15,2,18,0,20,0,2019-05-26,7680,2019-05-26,15.91,45,96,26400,1973
"05497150","North Fabius River near Ewing, MO",-91.62210360,40.01893370,471,11,6,14,5,18,0,2019-05-23,8430,2019-05-23,15.91,9,12,19200,2015
"05498150","Middle Fabius River near Ewing, MO",-91.70571790,40.02893300,400,12,6,17,2,19.5,0,2019-05-26,7700,2019-05-26,17.82,8,12,20500,2015
"05500000","South Fabius River near Taylor, MO",-91.58016670,39.89663889,620,9.5,7,14,1,19,0,2019-05-27,13400,2019-05-27,14.97,15,85,23200,2015
"05501000","North River at Palmyra, MO",-91.54602780,39.81700000,354,13,3,16,2,22,0,2019-05-27,11400,2019-05-27,17.11,44,83,57500,1973
"05501600","Mississippi River at Hannibal, MO",-91.36237070,39.72393450,-999,16,8,22,8,24,6,-999,-999,2019-05-27,26.30,-999,-999,-999,-999
"05502300","North Fork Salt River at Hagers Grove, MO",-92.23044440,39.82988889,365,12,3,16,2,20,0,2019-05-22,9200,2019-05-22,16.86,30,44,36500,2010
"05506350","Middle Fork Salt River near Holliday, MO",-92.12775000,39.52411110,313,17,5,22,0,26,0,2019-05-24,5120,2019-05-24,18.55,13,18,31700,2008
"05514500","Cuivre River near Troy, MO",-90.97752780,39.00880556,903,21,1,25,0,29,0,2019-05-23,14100,2019-05-23,22.00,80,96,120000,1941
"05518000","KANKAKEE RIVER AT SHELBY, IN",-87.34030960,41.18281340,1779,9,8,11,0,12.5,0,2019-05-24,4140,2019-05-24,10.38,63,95,7650,1982
"05531410","SALT CREEK AT 22ND STREET AT OAK BROOK, IL",-87.93666670,41.84750000,103,54,1,56,0,58,0,-999,-999,2019-05-27,54.90,-999,-999,-999,-999
"05531500","SALT CREEK AT WESTERN SPRINGS, IL",-87.90027780,41.82583330,115,7.5,1,-999,-999,-999,-999,2019-05-27,1960,2019-05-27,8.33,12,71,3980,2013
"05540250","EAST BRANCH DU PAGE RIVER AT BOLINGBROOK, IL",-88.07055560,41.71805556,75.8,19.5,1,21,0,23,0,2019-05-27,869,2019-05-27,19.63,23,28,5070,2013
"05551540","FOX RIVER AT MONTGOMERY, IL",-88.33333330,41.73361110,1732,13,1,14,0,15,0,2019-05-27,7710,2019-05-27,13.63,9,15,18000,2008
"05558300","ILLINOIS RIVER AT HENRY, IL",-89.35611110,41.10722220,13544,23,8,24,8,31,0,2019-05-24,54200,2019-05-25,27.11,24,36,161000,2013
"05569500","SPOON RIVER AT LONDON MILLS, IL",-90.28000000,40.70777778,1072,15,7,21,0,24,0,2019-05-23,10400,2019-05-23,19.40,31,74,41000,1974
"05570000","SPOON RIVER AT SEVILLE, IL",-90.34040250,40.49004077,1636,22,5,25,2,30,0,2019-05-24,15600,2019-05-24,25.47,40,101,42500,2013
"05578500","SALT CREEK NEAR ROWELL, IL",-89.04925100,40.11503787,335,15,2,-999,-999,-999,-999,2019-05-26,897,2019-05-26,15.43,71,74,24500,1968
"05584500","LA MOINE RIVER AT COLMAR, IL",-90.89624510,40.33032166,655,20,6,22,4,24,1,2019-05-26,9730,2019-05-26,24.06,35,73,38900,1985
"05585000","LA MOINE RIVER AT RIPLEY, IL",-90.63179470,40.02477040,1293,22,2,23,2,27,0,2019-05-27,12400,2019-05-27,26.54,35,97,37200,2013
"05585500","ILLINOIS RIVER AT MEREDOSIA, IL",-90.56818200,39.82338010,26029,17,8,22,8,24,8,-999,-999,2019-05-27,26.12,-999,-999,-999,-999
"05586100","ILLINOIS RIVER AT VALLEY CITY, IL",-90.64540470,39.70338020,26743,14,8,21,8,23,5,2019-05-27,88000,2019-05-27,24.60,25,94,123000,1943
"05587060","ILLINOIS RIVER AT HARDIN, IL",-90.61539940,39.16032590,28690,25,8,31,8,32,8,-999,-999,2019-05-27,37.08,-999,-999,-999,-999
"05587450","Mississippi River at Grafton, IL",-90.42900000,38.96797220,171300,18,8,24,8,29,5,2019-05-27,441000,2019-05-27,31.49,3,32,598000,1993
"05592100","KASKASKIA RIVER NEAR COWDEN, IL",-88.84173210,39.22976440,1330,15,2,-999,-999,-999,-999,2019-05-22,8100,2019-05-22,17.40,27,47,25300,2002
"05592500","KASKASKIA RIVER AT VANDALIA, IL",-89.08895540,38.96060098,1940,18,5,24,3,26,0,2019-05-24,16700,2019-05-24,25.51,47,107,62700,1957
"05595000","KASKASKIA RIVER AT NEW ATHENS, IL",-89.88861110,38.31972220,5189,79,8,82,8,85,4,2019-05-26,14100,2019-05-27,88.61,44,58,83000,1943
"05599490","BIG MUDDY RIVER AT RTE 127 AT MURPHYSBORO, IL",-89.32777780,37.75833330,2159,22,8,28,2,36,0,2019-05-23,6220,2019-05-27,30.28,80,90,42400,2011
"06609100","Missouri River at Blair, NE",-96.09638890,41.55055556,321400,26.5,1,28.2,0,33,0,-999,-999,2019-05-27,26.52,-999,-999,-999,-999
"06805600","Missouri River at Plattsmouth, NE",-95.86667510,41.00111040,-999,26,8,32,0,35,0,-999,-999,2019-05-27,29.43,-999,-999,-999,-999
"06806500","Weeping Water Creek at Union, Nebr.",-95.91138890,40.79416667,241,25,1,28,0,30,0,2019-05-24,11300,2019-05-24,25.47,15,68,65100,1993
"06807000","Missouri River at Nebraska City, NE",-95.84694600,40.68194600,410000,18,8,23,0,27,0,2019-05-27,130000,2019-05-27,21.28,23,88,414000,1952
"06810000","Nishnabotna River above Hamburg, IA",-95.64500000,40.60166667,2806,25,2,27.5,0,33,0,2019-05-24,17800,2019-05-24,25.47,46,92,65100,1998
"06810070","Missouri River at Brownville, NE",-95.65333330,40.39888889,-999,34,8,38.5,0,43,0,-999,-999,2019-05-27,37.79,-999,-999,-999,-999
"06811500","Little Nemaha River at Auburn, Nebr.",-95.81277780,40.39277778,792,22,2,23,1,27,0,2019-05-24,27500,2019-05-24,24.60,18,68,164000,1950
"06813000","Tarkio River at Fairfax, MO",-95.40590560,40.33918330,508,17,4,18,4,25,2,2019-05-24,12500,2019-05-24,26.31,12,80,16300,1942
"06813500","Missouri River at Rulo, NE",-95.42241670,40.05363889,414900,17,8,21,6,26,0,2019-05-25,136000,2019-05-25,23.28,17,69,358000,1952
"06814000","TURKEY C NR SENECA, KS",-96.10861490,39.94777730,276,21,2,23.5,0,40,0,2019-05-24,10700,2019-05-24,23.34,22,69,21400,1973
"06815000","Big Nemaha River at Falls City, Nebr.",-95.59609570,40.03555770,1339,27,2,30,0,36,0,2019-05-24,37200,2019-05-24,28.75,21,75,71600,1973
"06817000","Nodaway River at Clarinda, IA",-95.01419440,40.74327778,762,23,2,26,2,29,0,2019-05-24,46700,2019-05-24,26.80,2,91,47900,2008
"06818000","Missouri River at St. Joseph, MO",-94.85683330,39.75325000,426500,17,8,21,7,27,0,2019-05-26,193000,2019-05-26,25.06,17,99,397000,1952
"06818300","MISSOURI R AT ATCHISON, KS",-95.11388890,39.55972220,426865.0,22,8,27,0,30,0,-999,-999,2019-05-26,26.40,-999,-999,-999,-999
"06819500","One Hundred and Two River at Maryville, MO",-94.83219440,40.34550000,515,18,1,23,0,28,0,2019-05-24,10900,2019-05-24,18.95,35,76,28000,1973
"06820475","MISSOURI R AT LEAVENWORTH, KS",-94.90950000,39.32696110,427200,20,7,24,0,30,0,-999,-999,2019-05-27,23.76,-999,-999,-999,-999
"06820500","Platte River near Agency, MO",-94.70261110,39.68802778,1760,20,7,25,5,30,0,2019-05-23,16400,2019-05-23,26.19,48,92,60800,1993
"06821150","Little Platte River at Smithville, MO",-94.57912150,39.38805536,234,27,1,30.5,0,35,0,2019-05-21,4570,2019-05-21,28.30,29,54,76600,1965
"06821190","Platte River at Sharps Station, MO",-94.72683330,39.40097220,2380,26,7,29,7,33,0,2019-05-24,16600,2019-05-24,30.39,21,39,41800,2007
"06821250","Missouri River above Parkville, MO",-94.76984170,39.19165278,-999,25,7,28,2,35,0,2019-05-27,211000,2019-05-27,29.41,1,1,132000,2017
"06847900","PRAIRIE DOG C AB KEITH SEBELIUS LAKE, KS",-100.10068750,39.76972700,590,11,1,12,1,14,0,2019-05-27,1220,2019-05-27,12.94,13,56,65500,1953
"06848500","PRAIRIE DOG C NR WOODRUFF, KS",-99.47865840,39.97870430,1007,21,1,24,0,30,0,2019-05-27,3200,2019-05-27,22.26,10,77,15000,1947
"06853020","Republican River at Guide Rock, Nebr.",-98.33083330,40.06416667,22100,12.5,1,15,0,17,0,2019-05-27,4870,2019-05-27,13.17,9,27,9860,1993
"06856600","REPUBLICAN R AT CLAY CENTER, KS",-97.12752030,39.35555150,24542,15,8,21,0,28,0,2019-05-20,12200,2019-05-20,19.57,56,102,195000,1935
"06862850","SMOKY HILL R BL SCHOENCHEN, KS",-99.29232500,38.71223475,5810,11,2,14,0,17,0,2019-05-22,3800,2019-05-22,12.26,4,35,20500,1993
"06864000","SMOKY HILL R NR RUSSELL, KS",-98.85480660,38.77667810,6965.00,18,2,20,2,38,0,2019-05-25,10500,2019-05-25,20.48,13,43,70000,1938
"06864500","SMOKY HILL R AT ELLSWORTH, KS",-98.23366840,38.72667589,7580,20,3,24,0,27,0,2019-05-26,13400,2019-05-26,20.90,25,110,61000,1938
"06866000","SMOKY HILL R AT LINDSBORG, KS",-97.66649470,38.56380659,8110.00,21,4,29,0,33.9,0,2019-05-22,6530,2019-05-22,23.99,11,44,32000,1903
"06866500","SMOKY HILL R NR MENTOR, KS",-97.57170150,38.71111520,8341.00,20,3,24,0,28,0,2019-05-22,5060,2019-05-22,21.47,33,83,32000,1903
"06869500","SALINE R AT TESCOTT, KS",-97.87393160,39.00389230,2820,25,7,29,4,32,0,2019-05-23,4730,2019-05-23,29.69,28,99,61400,1951
"06869950","MULBERRY C NR SALINA, KS",-97.66836990,38.84444760,261,24,2,26,0,27.4,0,2019-05-22,6340,2019-05-22,25.54,9,56,29900,2007
"06870200","SMOKY HILL R AT NEW CAMBRIA, KS",-97.48336390,38.86389009,11730,27,8,30,2,33.1,0,-999,-999,2019-05-23,30.67,-999,-999,-999,-999
"06871000","NF SOLOMON R AT GLADE, KS",-99.30954090,39.67306520,849,11,1,16,0,18,0,2019-05-27,2000,2019-05-27,11.38,27,65,23300,1957
"06873460","SF SOLOMON R AT WOODSTON, KS",-99.10175670,39.43973250,1502,12,1,16,0,27,0,2019-05-27,1450,2019-05-27,12.28,11,39,8710,1993
"06874000","SF SOLOMON R AT OSBORNE, KS",-98.69423950,39.42778826,2012,14,5,20,0,27,0,2019-05-24,2300,2019-05-24,15.78,33,72,81200,1951
"06876700","SALT C NR ADA, KS",-97.83698490,39.13916876,406,18,8,19,8,24,0,2019-05-24,2880,2019-05-24,20.68,14,58,16000,1961
"06876900","SOLOMON R AT NILES, KS",-97.47725130,38.96916630,6770,24,8,28,7,34,0,2019-05-25,10100,2019-05-25,29.10,20,107,178000,1951
"06877600","SMOKY HILL R AT ENTERPRISE, KS",-97.11779520,38.90638906,19260,26,8,27,7,40,0,2019-05-25,28700,2019-05-25,30.52,10,87,233000,1951
"06878000","CHAPMAN C NR CHAPMAN, KS",-97.04029220,39.03110900,300,19,7,26,0,37,0,2019-05-22,5800,2019-05-22,21.52,18,65,46700,1951
"06878600","LYON C NR JUNCTION CITY, KS",-96.85805560,38.94916667,258.00,21,2,35,0,39,0,2019-05-22,6650,2019-05-22,23.42,1,7,5957,2015
"06879820","KANSAS R AT MANHATTAN, KS",-96.55472450,39.17471940,45288,18,4,26,0,42,0,-999,-999,2019-05-26,19.29,-999,-999,-999,-999
"06882000","Big Blue River at Barneston, Nebr.",-96.58722220,40.04472220,4447,20,2,27,0,33,0,2019-05-24,21000,2019-05-24,23.28,26,97,57700,1941
"06883000","Little Blue River near Deweese, Nebr.",-98.06694440,40.33250000,984,10,1,16,0,17,0,2019-05-27,8270,2019-05-27,14.36,10,65,25100,1969
"06883530","Little Blue River at County Line nr Deshler, Nebr.",-97.82094050,40.21503444,-999,18,1,22,0,25,0,2019-05-25,960,2019-05-27,18.10,-9,1,3540,2017
"06884200","MILL C AT WASHINGTON, KS",-97.03752670,39.81361476,344,18,2,19,2,35,0,2019-05-25,6740,2019-05-25,22.42,18,59,14600,1993
"06884400","L BLUE R NR BARNES, KS",-96.80474320,39.72583518,3351,16,3,23,0,39,0,2019-05-25,14700,2019-05-25,17.05,23,60,56000,2015
"06884700","BIG BLUE R AT BLUE RAPIDS, KS",-96.64001620,39.68722250,8342,26,8,52,6,68,0,-999,-999,2019-05-27,58.37,-999,-999,-999,-999
"06885500","BLACK VERMILLION R NR FRANKFORT, KS",-96.44278880,39.68194349,410,19,8,27.5,0,40.5,0,-999,-999,2019-05-27,26.45,-999,-999,-999,-999
"06886500","FANCY C AT WINKLER, KS",-96.83223570,39.47222064,174.00,16,7,24,7,40,0,-999,-999,2019-05-27,31.07,-999,-999,-999,-999
"06888500","MILL C NR PAXICO, KS",-96.16916050,39.06472106,318,21,2,31,0,33,0,2019-05-26,22100,2019-05-26,27.64,14,65,77200,1951
"06891000","KANSAS R AT LECOMPTON, KS",-95.38636330,39.05111157,58460,17,4,23.8,0,38,0,2019-05-21,75200,2019-05-21,17.65,33,104,483000,1951
"06891080","KANSAS R AT LAWRENCE, KS",-95.23211110,38.97327778,58500,18,4,20,0,29,0,2019-05-22,71300,2019-05-22,18.79,3,5,92600,2016
"06891200","WAKARUSA R AT WAKARUSA, KS",-95.69694440,38.88166667,123.00,15,1,22,0,24,0,-999,-999,2019-05-21,16.46,-999,-999,-999,-999
"06891850","STRANGER C AT EASTON, KS",-95.10885650,39.34638770,216,17,5,18,5,23,0,2019-05-22,6220,2019-05-22,20.31,3,3,10213,2016
"06892000","STRANGER C NR TONGANOXIE, KS",-95.01080060,39.11639120,406,23,3,30,0,35,0,2019-05-21,6770,2019-05-21,23.28,42,89,40000,2001
"06892950","KANSAS R AT KANSAS CITY, KS",-94.60912320,39.09000450,60098,33,6,54,0,55,0,-999,-999,2019-05-22,36.30,-999,-999,-999,-999
"06893000","Missouri River at Kansas City, MO",-94.58813890,39.11172220,484100,32,1,35,0,49,0,2019-05-27,248000,2019-05-27,32.64,15,91,625000,1844
"06893390","INDIAN C AT STATE LINE RD, LEAWOOD, KS",-94.60777780,38.93833330,64.17,20,3,24,0,27,0,2019-05-24,9280,2019-05-24,21.87,10,14,23573,2017
"06893820","Little Blue R. at Lees Summit Rd in Independence",-94.38727780,39.01736110,98.2,21,1,26,0,28,0,2019-05-21,3830,2019-05-21,21.52,3,6,8120,2017
"06894000","Little Blue River near Lake City, MO",-94.30050380,39.10056090,184,18,3,25,0,27,0,2019-05-21,7880,2019-05-21,20.67,17,70,42300,1982
"06894650","Missouri River at Napoleon, MO",-94.06327860,39.13750825,485100,17,8,25,7,30,0,2019-05-22,277000,2019-05-22,28.18,1,2,276000,2016
"06895000","Crooked River near Richmond, MO",-93.98000000,39.33266389,159,20,5,21,4,29,0,2019-05-22,6140,2019-05-22,25.93,9,37,29000,1965
"06895500","Missouri River at Waverly, MO",-93.51521180,39.21501940,485900,20,8,29,6,31,2,2019-05-23,290000,2019-05-22,31.25,8,88,633000,1993
"06896000","Wakenda Creek at Carrollton, MO",-93.48553610,39.34325000,256,16,8,19,3,21,0,2019-05-22,6530,2019-05-22,20.09,15,52,13100,1986
"06896900","Grand River near Pattonsburg, MO",-94.12722220,40.02611110,1720,25,5,30,0,32,0,2019-05-26,28000,2019-05-26,29.78,3,3,40100,2017
"06897500","Grand River near Gallatin, MO",-93.94272250,39.92695170,2250,26,5,33,0,39,0,2019-05-27,35100,2019-05-27,29.92,32,97,89800,1993
"06899500","Thompson River at Trenton, MO",-93.63802780,40.06930556,1720,27,2,31,0,34,0,2019-05-26,48200,2019-05-26,30.83,15,93,95000,1947
"06899680","Grand River at Chillicothe, MO",-93.55882440,39.75585035,4890,24,7,28,6,35,1,-999,-999,2019-05-27,35.83,-999,-999,-999,-999
"06902000","Grand River near Sumner, MO",-93.27369440,39.64002778,6880,26,8,28,8,40,0,2019-05-27,99400,2019-05-27,39.47,11,97,180000,1947
"06904500","Chariton River at Novinger, MO",-92.68638890,40.23433330,1370,20,2,23,1,26,0,2019-05-26,23300,2019-05-26,24.06,7,95,38800,2010
"06905500","Chariton River near Prairie Hill, MO",-92.79075000,39.53994444,1870,15,6,19,4,21,2,2019-05-27,37800,2019-05-27,23.20,2,89,38400,2008
"06906500","Missouri River at Glasgow, MO",-92.84879800,39.22225120,498900,25,8,27,8,32,6,2019-05-27,358000,2019-05-27,36.45,1,17,322000,2007
"06906800","Lamine River near Otterville, MO",-92.97883330,38.70225000,543,15,3,18,3,26,0,2019-05-22,19900,2019-05-22,21.18,23,30,84900,1995
"06907700","Blackwater River at Valley City, MO",-93.62215880,38.87001315,547,22,6,25,4,31,2,2019-05-22,22200,2019-05-22,32.15,13,29,66500,1960
"06908000","Blackwater River at Blue Lick, MO",-93.19687130,38.99224236,1120,24,7,29,7,37,0,2019-05-25,14100,2019-05-25,33.87,40,92,54000,1928
"06909000","Missouri River at Boonville, MO",-92.74546380,38.98030600,500700,21,8,35,0,36,0,2019-05-25,375000,2019-05-25,32.35,8,94,755000,1993
"06909500","Moniteau Creek near Fayette, MO",-92.56722220,39.12083330,75.1,16,2,21,0,25,0,2019-05-21,2690,2019-05-21,18.02,36,60,13700,1973
"06909950","Petite Saline Creek at Hwy U nr Boonville, M0",-92.70416670,38.91722220,136,16,3,19.5,3,26,0,2019-05-22,3600,2019-05-22,20.46,8,11,7950,2017
"06910450","Missouri River at Jefferson City, MO",-92.17863890,38.58711110,507500,23,8,25,7,30,5,2019-05-27,368000,2019-05-27,31.89,1,3,293000,2015
"06910750","Moreau River near Jefferson City, MO",-92.19202780,38.52902778,561,17,3,25,0,29,0,2019-05-23,9930,2019-05-23,20.47,41,58,33000,1985
"06910800","MARAIS DES CYGNES R NR READING, KS",-95.96165700,38.56695524,177,19,2,21,2,45,0,2019-05-21,4830,2019-05-21,22.17,33,49,67400,1982
"06911490","SALT C AT LYNDON, KS",-95.68470680,38.60139907,97.8,10,1,16,0,24,0,2019-05-21,5460,2019-05-21,11.93,5,18,16400,2007
"06911900","DRAGOON C NR BURLINGAME, KS",-95.83832050,38.70917370,114,19,1,-999,-999,-999,-999,2019-05-21,6140,2019-05-21,19.89,22,58,25000,2007
"06913000","MARAIS DES CYGNES R NR POMONA, KS",-95.45359020,38.58417770,1040,20,5,30,0,50,0,2019-05-22,18400,2019-05-22,29.31,11,64,69400,1928
"06913500","MARAIS DES CYGNES R NR OTTAWA, KS",-95.26830710,38.61806669,1250,31,3,33,3,45,0,2019-05-22,19100,2019-05-22,34.20,21,110,142000,1951
"06914000","POTTAWATOMIE C NR GARNETT, KS",-95.24886340,38.33363100,334.00,26,5,32,0,34,0,2019-05-21,21700,2019-05-21,30.92,13,63,57000,1961
"06914500","POTTAWATOMIE C AT LANE, KS",-95.08413600,38.44390570,513.00,23,5,24,4,28.5,0,2019-05-22,24300,2019-05-22,27.44,7,28,75000,1961
"06915800","MARAIS DES CYGNES R AT LA CYGNE, KS",-94.77245910,38.34529858,2669,25,8,30,7,36,0,2019-05-23,36700,2019-05-23,33.18,8,33,131000,2007
"06916600","MARAIS DES CYGNES R NR KS-MO ST LINE, KS",-94.61301130,38.21863670,3250,27,7,29,7,40,0,2019-05-26,51500,2019-05-26,38.55,4,59,137000,2007
"06917000","L OSAGE R AT FULTON, KS",-94.70412640,38.00892428,314,22,5,25,3,30,0,2019-05-22,19200,2019-05-22,28.96,6,69,62800,1986
"06917060","Little Osage River at Horton, MO",-94.36930560,37.99480556,498,41,7,45,6,50,0,2019-05-23,18200,2019-05-23,49.03,2,18,48400,2007
"06917500","MARMATON R NR FORT SCOTT, KS",-94.70273920,37.84892900,388,38,4,42,2,43,2,2019-05-21,22500,2019-05-21,43.45,14,59,38100,1961
"06917560","Marmaton River near Richards, MO",-94.58222220,37.86472220,455,25,7,-999,-999,-999,-999,2019-05-22,15100,2019-05-22,30.00,2,12,38700,2007
"06918060","Marmaton River near Nevada, MO",-94.39925000,37.86202778,1074,20,7,26,6,31,0,2019-05-23,24300,2019-05-23,29.74,2,14,34900,2007
"06918070","Osage River above Schell City, MO",-94.14541670,38.05586110,5410,30,7,35,5,45,0,-999,-999,2019-05-27,44.17,-999,-999,-999,-999
"06918250","Osage River at Taberville, MO",-93.99472220,38.00388889,5670,23,8,34,6,46,0,2019-05-27,60800,2019-05-27,44.14,1,6,53200,2017
"06918440","Sac River near Dadeville, MO",-93.68488890,37.44313889,257,14,7,18,3,25,0,2019-05-23,31800,2019-05-23,24.81,2,53,36100,1993
"06918460","Turnback Creek above Greenfield, MO",-93.80202780,37.40236110,252,15,6,20,1,25,0,2019-05-23,28500,2019-05-23,23.69,4,52,42700,1993
"06918493","South Fork Dry Sac River near Springfield, MO",-93.24947220,37.26638889,13.7,6,2,10,0,15,0,2019-05-21,2380,2019-05-21,8.71,4,21,3626,2011
"06918740","Little Sac River near Morrisville, MO",-93.48563890,37.48286110,237,14,4,17,4,25,0,2019-05-23,23700,2019-05-23,22.31,4,49,33700,2007
"06919500","Cedar Creek near Pleasant View, MO",-93.87549180,37.83420277,420,21,5,23,4,28,0,2019-05-24,23500,2019-05-24,25.26,9,75,37000,1958
"06919900","Sac River near Caplinger Mills, MO",-93.80316670,37.86983330,1810,16,7,19,7,28,0,2019-05-22,28800,2019-05-22,27.57,8,43,61500,1994
"06920520","Weaubleau Creek near Weaubleau, MO",-93.51476110,37.89549167,37.8,8,1,15,0,-999,-999,2019-05-21,3980,2019-05-21,9.87,6,6,14600,2015
"06921070","Pomme de Terre River near Polk, MO",-93.37033330,37.68266667,276,17,4,21,0,27,0,2019-05-21,16500,2019-05-21,19.64,17,49,38200,2015
"06921200","Lindley Creek near Polk, MO",-93.26619440,37.75047220,112,17,2,-999,-999,-999,-999,2019-05-21,15600,2019-05-21,19.74,12,62,38460,1914
"06921600","South Grand River at Urich, MO",-94.00438590,38.45223976,670,24,6,26,5,33,0,2019-05-22,23300,2019-05-22,29.36,3,13,29200,1961
"06921720","Big Creek near Blairstown, MO",-93.96535280,38.55497778,414,20,8,23,6,36,0,2019-05-22,13200,2019-05-22,26.24,6,35,24400,1961
"06923250","Niangua River at Windyville, MO",-92.92434950,37.68420670,377,12,4,20,0,-999,-999,2019-05-24,14700,2019-05-24,15.77,9,16,58800,2015
"06923500","Bennett Spring at Bennett Springs, MO",-92.85757220,37.71714720,100,5,1,-999,-999,-999,-999,2019-05-23,1720,2019-05-23,5.08,26,54,12600,1990
"06923940","Niangua River ab Lake Niangua nr Macks Creek, MO",-92.89805560,37.86333330,522,15,3,-999,-999,-999,-999,2019-05-22,17600,2019-05-22,16.21,6,9,49500,2015
"06923950","Niangua River at Tunnel Dam near Macks Creek, MO",-92.85136110,37.93694444,598,11,4,-999,-999,-999,-999,2019-05-23,16000,2019-05-23,13.63,8,22,59200,2015
"06928000","Gasconade River near Hazelgreen, MO",-92.45183830,37.75920725,1250,21,1,26,0,30,0,2019-05-22,35700,2019-05-22,22.48,28,73,119000,2017
"06928300","Roubidoux Creek above Fort Leonard Wood, MO",-92.23380560,37.60108330,165,11,1,14,1,18,0,2019-05-21,14600,2019-05-21,16.41,6,17,31800,2008
"06928420","Roubidoux Creek at Polla Rd bl Ft. Leonard Wood",-92.18333330,37.79194444,273,7,2,14,0,20,0,2019-05-21,10500,2019-05-21,10.01,7,9,38600,2013
"06930000","Big Piney River near Big Piney, MO",-92.04991670,37.66563889,560,8.5,3,-999,-999,-999,-999,2019-05-22,14300,2019-05-22,14.96,42,88,90200,2017
"06930060","Big Piney below Fort Leonard Wood, MO",-92.05797220,37.76025000,593,8,3,15,0,23,0,2019-05-22,14700,2019-05-22,13.98,11,17,93500,2017
"06933500","Gasconade River at Jerome, MO",-91.97733330,37.92991667,2840,15,3,25,0,30,0,2019-05-24,38700,2019-05-24,17.60,41,99,197000,2017
"06934500","Missouri River at Hermann, MO",-91.43850000,38.70980556,522500,21,8,26,7,33,0,2019-05-26,409000,2019-05-26,32.53,18,90,750000,1993
"06935450","Missouri River at Washington, MO",-91.00750000,38.55972220,523200,20,7,28,3,31,0,2019-05-26,428000,2019-05-26,28.68,3,8,520000,2017
"06935965","Missouri River at St. Charles, MO",-90.47072220,38.78886110,524000,25,8,30,5,36,0,2019-05-27,400000,2019-05-27,33.91,4,17,515000,2017
"07010000","Mississippi River at St. Louis, MO",-90.17977780,38.62900000,697000,30,8,35,8,40,4,2019-05-27,825000,2019-05-27,42.12,13,157,1080000,1993
"07014500","Meramec River near Sullivan, MO",-91.10847220,38.15852778,1475,11,1,20,0,29,0,2019-05-22,10500,2019-05-22,11.08,75,87,95300,2017
"07018500","Big River at Byrnesville, MO",-90.63780560,38.39172220,917,16,1,20,0,28,0,2019-05-23,9810,2019-05-23,16.62,81,96,80000,1915
"07019130","Meramec River at Valley Park, MO",-90.48502780,38.54661110,3850,16,5,19,4,25,0,-999,-999,2019-05-27,20.23,-999,-999,-999,-999
"07019210","Meramec River at Fenton, MO",-90.43138890,38.51222220,3880,25,5,29,0,32,0,-999,-999,2019-05-27,28.65,-999,-999,-999,-999
"07019300","Meramec River at Arnold, MO",-90.36067350,38.45672030,3950,24,8,35,5,38,1,-999,-999,2019-05-27,38.31,-999,-999,-999,-999
"07020500","Mississippi River at Chester, IL",-89.83021110,37.90074167,708600,27,8,35,8,40,4,2019-05-27,855000,2019-05-27,43.24,11,93,1060000,1927
"07020850","Mississippi River at Cape Girardeau, MO",-89.51800000,37.30188889,-999,32,8,37,8,42,2,-999,-999,2019-05-27,43.25,-999,-999,-999,-999
"07022000","Mississippi River at Thebes, IL",-89.46297500,37.22160000,713200,33,8,37,8,42,0,2019-05-27,773000,2019-05-27,41.06,16,86,1075000,1844
"07050690","Pearson Creek near Springfield, MO",-93.19838890,37.17794444,21.0,6,1,9,1,11,0,2019-05-21,3480,2019-05-21,9.66,1,18,2980,2008
"07050700","James River near Springfield, MO",-93.20338890,37.14997220,246,12,2,15,2,20,0,2019-05-21,10300,2019-05-21,15.58,43,63,62000,1909
"07052100","Wilson Creek near Springfield, MO",-93.37027780,37.16852778,31.4,7,2,12,0,-999,-999,2019-05-23,4100,2019-05-23,9.09,7,29,6710,2015
"07052120","South Creek near Springfield, MO",-93.36277780,37.15363889,10.5,5,1,8.6,0,-999,-999,2019-05-21,1670,2019-05-21,6.05,4,18,2870,2000
"07052152","Wilson Creek near Brookline, MO",-93.37547220,37.14713889,51,10,2,-999,-999,-999,-999,2019-05-23,3300,2019-05-23,10.43,8,16,9530,2008
"07052160","Wilson Creek near Battlefield, MO",-93.40386110,37.11775000,58.3,7,3,17,0,-999,-999,2019-05-23,4600,2019-05-23,10.78,5,17,7240,1979
"07052500","James River at Galena, MO",-93.46158330,36.80538889,987,15,2,25,0,31,0,2019-05-22,25600,2019-05-22,17.78,41,96,85100,2008
"07052820","Flat Creek below Jenkins, MO",-93.61852640,36.75061750,274,7,3,12,2,-999,-999,2019-05-21,8320,2019-05-21,13.35,7,11,35500,2017
"07061500","Black River near Annapolis, MO",-90.78875000,37.33813889,484,8,2,15,0,25,0,2019-05-22,11300,2019-05-22,11.41,62,79,109000,1993
"07066510","Current River above Powder Mill, MO",-91.17766390,37.18561389,1340,8,3,25,0,40,0,-999,-999,2019-05-22,10.70,-999,-999,-999,-999
"07069000","Black River at Pocahontas, AR",-90.97027780,36.25416667,4840,17,6,22,0,25,0,2019-05-27,17500,2019-05-27,19.44,51,83,105000,2017
"07072500","Black River at Black Rock, AR",-91.09777780,36.10250000,7370,14,8,25,0,28,0,2019-05-23,25900,2019-05-23,20.81,92,113,190000,1982
"07074850","White River near Augusta, AR",-91.39416670,35.29444444,20500,26,8,34,0,36,0,2019-05-20,55700,2019-05-20,31.81,23,80,267000,2017
"07076750","White River at Georgetown, AR",-91.44972220,35.12888889,22400,21,7,24,0,28,0,2019-05-20,56600,2019-05-20,22.10,27,103,179000,1982
"07141200","PAWNEE R AT ROZEL, KS",-99.40622470,38.20751450,2148,31,4,33,3,35,0,2019-05-25,5440,2019-05-25,34.53,14,93,16300,1958
"07141300","ARKANSAS R AT GREAT BEND, KS",-98.76425190,38.35306787,34356,12,3,16,0,18,0,2019-05-27,10200,2019-05-27,14.17,7,78,27800,1965
"07141900","WALNUT C AT ALBERT, KS",-99.01481700,38.46167948,1618,24,3,25,3,25.7,0,2019-05-27,2530,2019-05-26,25.11,12,60,12700,1959
"07143300","COW C NR LYONS, KS",-98.19200450,38.30834380,728,18,5,22,0,24.7,0,2019-05-21,5240,2019-05-21,18.57,13,73,28000,1929
"07143310","COW C NR HUTCHINSON, KS",-98.00783150,38.14417747,859.5,9.5,8,10.5,8,12.5,0,-999,-999,2019-05-22,12.00,-999,-999,-999,-999
"07143330","ARKANSAS R NR HUTCHINSON, KS",-97.77504880,37.94640028,38910,10,7,11,7,12,3,2019-05-22,16500,2019-05-22,12.81,5,58,24700,1973
"07143665","L ARKANSAS R AT ALTA MILLS, KS",-97.59198700,38.11223260,736,22,6,25,2,27,0,2019-05-22,9790,2019-05-22,25.63,10,45,30100,1973
"07143672","L ARKANSAS R AT HWY 50 NR HALSTEAD, KS",-97.54059700,38.02862230,759,25,6,27,2,29,0,2019-05-22,9800,2019-05-22,27.09,3,22,11000,2007
"07144050","EMMA C AT SEDGWICK, KS",-97.44545560,37.98512778,-999,19,2,-999,-999,-999,-999,2019-05-21,7610,2019-05-21,20.17,1,3,7308,2016
"07144100","L ARKANSAS R NR SEDGWICK, KS",-97.42448640,37.88306739,1239,22,7,25,2,26,0,2019-05-22,19400,2019-05-22,25.82,1,24,17600,1998
"07144480","COWSKIN C AT 119TH ST AT WICHITA, KS",-97.48087970,37.70167994,86,18,3,22,0,24,0,2019-05-21,3010,2019-05-21,19.56,7,17,5870,2009
"07144550","ARKANSAS R AT DERBY, KS",-97.27559990,37.54418457,40830,12,7,15,3,16.2,0,2019-05-22,40300,2019-05-24,15.53,7,49,58300,1998
"07144570","ARKANSAS R AT MULVANE, KS",-97.26127220,37.47550278,40870.00,16.5,7,19,6,21,0,2019-05-25,40800,2019-05-25,20.28,1,3,28238,2016
"07145200","SF NINNESCAH R NR MURDOCK, KS",-97.85310940,37.56168300,597,8,6,10,2,12,0,2019-05-21,12000,2019-05-21,11.05,14,67,28700,1979
"07145500","NINNESCAH R NR PECK, KS",-97.42393530,37.45696360,2129,17,6,21,0,26,0,2019-05-22,23700,2019-05-22,19.92,13,81,70000,1923
"07145600","ARKANSAS R ON HWY 160 AT OXFORD, KS",-97.16226390,37.27440556,43801.00,17,7,20,6,23,0,2019-05-23,50200,2019-05-23,21.53,1,4,36449,2016
"07145700","SLATE C AT WELLINGTON, KS",-97.40365690,37.24946707,154,19,7,23,0,25,0,2019-05-21,6990,2019-05-21,22.90,15,58,28500,1975
"07146500","ARKANSAS R AT ARKANSAS CITY, KS",-97.03921940,37.03750830,43713,11,8,17,7,21,0,2019-05-27,61500,2019-05-27,20.33,10,100,103000,1923
"07146800","WB WALNUT R NR EL DORADO, KS",-96.84916670,37.82666667,62.00,21,2,22,0,24,0,2019-05-25,6950,2019-05-25,21.41,1,8,6469,2016
"07147190","WHITEWATER R AT AUGUSTA, KS",-96.99638890,37.67972220,456.00,21,7,25,4,30,0,-999,-999,2019-05-25,27.83,-999,-999,-999,-999
"07147800","WALNUT R AT WINFIELD, KS",-96.99614750,37.22391557,1880,18,8,22,7,29,5,2019-05-22,56600,2019-05-22,35.38,10,99,105000,1944
"07147900","WALNUT R AT ARKANSAS CITY, KS",-97.02587090,37.05641826,1952,18,7,22,6,28,0,-999,-999,2019-05-22,26.08,-999,-999,-999,-999
"07148400","Salt Fork Arkansas River nr Alva, OK",-98.64813950,36.81503056,982,14.5,2,16.5,0,18,0,2019-05-26,12400,2019-05-26,15.49,10,54,27000,1941
"07149000","MEDICINE LODGE R NR KIOWA, KS",-98.47090920,37.03891547,903,10,4,12,0,13,0,2019-05-27,6840,2019-05-27,11.67,14,74,16000,1941
"07151000","Salt Fork Arkansas River at Tonkawa, OK",-97.30948870,36.67197920,4470,17,8,20,7,25,3,2019-05-22,51900,2019-05-22,26.63,3,85,97300,1973
"07151500","CHIKASKIA R NR CORBIN, KS",-97.60199450,37.12891225,794,10,7,19,0,28,0,2019-05-27,19700,2019-05-27,17.40,12,59,60000,1923
"07152000","Chikaskia River near Blackwell, OK",-97.27726500,36.81142110,1876,29,5,30,5,32,3,2019-05-21,49300,2019-05-21,34.35,13,83,100000,1923
"07152500","Arkansas River at Ralston, OK",-96.72836720,36.50421677,54208,16,8,18,7,21,6,2019-05-23,185000,2019-05-23,22.14,3,95,211000,1973
"07153000","Black Bear Creek at Pawnee, OK",-96.79947880,36.34366537,538,17,8,21,5,25,2,2019-05-21,19500,2019-05-21,26.18,2,75,30200,1959
"07157950","Cimarron River near Buffalo, OK",-99.31538700,36.85197484,12205,9,2,10,0,12,0,2019-05-27,6270,2019-05-27,9.23,12,51,26400,1973
"07158000","Cimarron River near Waynoka, OK",-98.87953660,36.51725644,13399,8,8,10,3,12,0,2019-05-26,19700,2019-05-26,11.32,23,82,94500,1957
"07159100","Cimarron River near Dover, OK",-97.91449940,35.95170756,15809,17,7,20,7,22,2,2019-05-22,46600,2019-05-22,22.16,8,44,123000,1986
"07159750","Cottonwood Creek near Seward, OK",-97.47809700,35.81366006,320,30,2,35,1,40,0,2019-05-21,27500,2019-05-21,37.26,4,25,43500,1995
"07160000","Cimarron River near Guthrie, OK",-97.42587460,35.92060230,17006,18,6,22,0,25,0,2019-05-21,62100,2019-05-21,21.79,10,75,158000,1957
"07160350","Skeleton Creek at Enid, OK",-97.80033320,36.37614490,70,11,2,13,2,15,1,2019-05-20,8250,2019-05-20,15.25,2,21,9860,2008
"07160500","Skeleton Creek near Lovell, OK",-97.58504710,36.06004045,412,35,6,38,5,41,4,2019-05-21,27200,2019-05-21,43.48,8,62,75200,1957
"07161450","Cimarron River near Ripley, OK",-96.91225040,35.98589270,18117,17,7,20,7,22,6,2019-05-26,99600,2019-05-22,26.60,3,30,141000,1993
"07164500","Arkansas River at Tulsa, OK",-96.00638660,36.14064807,74460,18,6,20,6,22,5,2019-05-27,266000,2019-05-27,22.90,2,113,307000,1986
"07164600","Joe Creek at 61st St at Tulsa, OK",-95.96055010,36.07565044,11.6,8,1,-999,-999,12,0,2019-05-20,8460,2019-05-20,8.59,6,29,11600,2000
"07165562","Haikey Creek at 101st St South at Tulsa, OK",-95.84887770,36.01704297,17.9,16,2,19,2,24.5,0,2019-05-21,5310,2019-05-21,22.77,6,30,7100,2000
"07165570","Arkansas River near Haskell, OK",-95.63777780,35.82277778,75293,19,6,21,6,23,4,2019-05-27,261000,2019-05-27,23.49,1,45,259000,1986
"07166500","VERDIGRIS R NR ALTOONA, KS",-95.67470300,37.52977640,1094,19,7,21,2,26,0,2019-05-26,29600,2019-05-26,21.79,12,79,71000,1951
"07169500","FALL R AT FREDONIA, KS",-95.83359240,37.50838374,827,17,6,27,5,36,0,2019-05-26,28700,2019-05-26,31.77,11,83,77800,2007
"07170500","VERDIGRIS R AT INDEPENDENCE, KS",-95.67775730,37.22368014,2892,30,8,47.6,0,53,0,2019-05-27,75900,2019-05-27,45.35,10,103,168823,2017
"07171000","Verdigris River near Lenapah, OK",-95.58608820,36.85119615,3584,30,7,32,7,36,3,2019-05-22,52900,2019-05-23,36.76,10,79,192000,2007
"07174400","Caney River above Coon Creek at Bartlesville, OK",-95.97220640,36.75564425,1369,13,7,15,5,19,0,2019-05-21,20500,2019-05-21,18.21,4,32,94500,1986
"07175500","Caney River near Ramona, OK",-95.84193060,36.50898160,1936,26,7,28,6,31,0,2019-05-23,50400,2019-05-23,29.59,2,79,85600,1986
"07176000","Verdigris River near Claremore, OK",-95.69972220,36.30750000,6451,36,5,40,4,44,2,2019-05-27,93100,2019-05-27,45.46,3,83,182000,1943
"07176500","Bird Creek at Avant, OK",-96.06027430,36.48508798,369,17,4,21,4,26,4,2019-05-21,37800,2019-05-21,36.52,1,72,32400,1959
"07177500","Bird Creek near Sperry, OK",-95.95416200,36.27842534,907,21,7,24,4,29,3,2019-05-22,45000,2019-05-22,31.55,6,79,90000,1959
"07178000","Bird Creek near Owasso, OK",-95.86721300,36.24870534,1017,18,7,20,6,24,5,2019-05-23,37900,2019-05-23,29.84,1,38,29200,1993
"07179730","NEOSHO R NR AMERICUS, KS",-96.25055330,38.46695699,622,26,2,27,0,40,0,2019-05-22,11900,2019-05-22,26.47,11,54,17400,1993
"07180400","COTTONWOOD R NR FLORENCE, KS",-96.87724360,38.23612850,754,22,2,27,0,32,0,2019-05-22,19400,2019-05-22,26.11,10,57,73700,1998
"07182250","COTTONWOOD R NR PLYMOUTH, KS",-96.35611200,38.39751390,1740,32,7,34,0,37,0,2019-05-22,29100,2019-05-22,33.91,6,55,92900,1998
"07182260","COTTONWOOD R AT EMPORIA, KS",-96.18141670,38.38511110,1833.00,20,7,24,7,32,0,2019-05-23,18200,2019-05-23,25.50,2,4,18672,2017
"07182390","NEOSHO R AT NEOSHO RAPIDS, KS",-96.00026870,38.36807120,2753,22,7,23,7,44,0,-999,-999,2019-05-22,26.34,-999,-999,-999,-999
"07182510","NEOSHO R AT BURLINGTON, KS",-95.73526400,38.19446678,3042,27,6,40,0,45,0,2019-05-26,36500,2019-05-26,32.73,1,57,26200,1961
"07183000","NEOSHO R NR IOLA, KS",-95.42775960,37.92225778,3723,15,8,21,2,27,0,2019-05-25,54800,2019-05-25,21.38,9,111,436000,1951
"07183300","NEOSHO R NR ERIE, KS",-95.26436110,37.54950000,4547.00,29,8,32,7,36,7,-999,-999,2019-05-27,38.92,-999,-999,-999,-999
"07183500","NEOSHO R NR PARSONS, KS",-95.10996870,37.34005866,4905,21,8,23,8,32,0,2019-05-27,64500,2019-05-27,29.33,7,96,410000,1951
"07184000","LIGHTNING C NR MCCUNE, KS",-95.03274280,37.28117110,197,12,8,17,2,21,0,2019-05-21,19600,2019-05-21,17.80,13,67,67500,1993
"07185000","Neosho River near Commerce, OK",-94.95745740,36.92868144,5926,15,8,18,7,24,5,2019-05-24,90900,2019-05-24,25.51,7,82,267000,1951
"07185765","Spring River at Carthage, MO",-94.32591670,37.18863889,425,10,4,14,3,20,0,2019-05-23,28500,2019-05-23,17.98,4,30,40600,2015
"07186000","Spring River near Waco, MO",-94.56641670,37.24561110,1164,19,6,30,0,33,0,2019-05-24,54400,2019-05-24,27.97,9,95,151000,1993
"07187000","Shoal Creek above Joplin, MO",-94.51655560,37.02316667,427,11.5,3,16,0,18,0,2019-05-23,15700,2019-05-23,15.62,20,94,62100,1943
"07187600","SPRING R NR BAXTER SPRINGS, KS",-94.72105950,37.02367570,2448,14,7,22,4,30,0,2019-05-23,98500,2019-05-23,27.35,3,8,145714,2015
"07188000","Spring River near Quapaw, OK",-94.74717110,36.93451148,2516,20,7,24,6,30,3,2019-05-23,108000,2019-05-23,33.82,5,79,230000,1993
"07188653","Big Sugar Creek near Powell, MO",-94.18222220,36.61586110,141,10,1,15,0,20,0,2019-05-21,4440,2019-05-21,10.70,12,17,30900,2013
"07188838","Little Sugar Creek near Pineville, MO",-94.37326930,36.58396200,195,6,3,-999,-999,-999,-999,2019-05-21,6540,2019-05-21,12.12,8,13,26500,2015
"07189000","Elk River near Tiff City, Mo",-94.58688860,36.63146127,851,15,2,20,0,25,0,2019-05-21,28600,2019-05-21,18.00,31,78,137000,1941
"07189100","Buffalo Creek at Tiff City, MO",-94.60411190,36.67090486,60.8,10,2,12,0,-999,-999,2019-05-23,6280,2019-05-23,10.85,9,17,26300,2011
"07194500","Arkansas River near Muskogee, OK",-95.29718670,35.76954320,96472,28,7,32,7,34,6,2019-05-26,617000,2019-05-26,46.39,2,60,700000,1943
"07228500","Canadian River at Bridgeport, OK",-98.31783880,35.54366175,24698,14,6,16,5,17,2,2019-05-26,24900,2019-05-26,17.36,25,70,150000,1948
"07228940","Canadian River near Mustang, OK",-97.72361110,35.32416667,25134,12,2,14,0,16,0,2019-05-22,16000,2019-05-22,13.61,5,11,73500,2007
"07229050","Canadian River at Norman, OK",-97.48503390,35.19451115,25296,94,3,96,2,99,0,2019-05-21,14700,2019-05-21,96.03,5,13,49700,2007
"07235000","Wolf Ck at Lipscomb, TX",-100.27568890,36.23864885,697,9.5,1,11.5,0,16,0,2019-05-24,3810,2019-05-24,10.36,17,61,25400,2007
"07237500","North Canadian River at Woodward, OK",-99.27843830,36.43670336,11883,9,1,11,0,12,0,2019-05-27,856,2019-05-27,9.31,54,80,42000,1946
"07238000","North Canadian River near Seiling, OK",-98.92120570,36.18337277,12555,11,6,13,2,14,0,2019-05-26,2630,2019-05-26,13.12,38,72,33000,1951
"07239300","North Canadian River blw Weavers Ck nr Watonga, OK",-98.42090530,35.81198860,13023,15,6,17,1,18,0,2019-05-26,3720,2019-05-26,17.51,6,34,7220,2007
"07239500","North Canadian River near El Reno, OK",-97.95754980,35.56310656,13317,17,1,19,1,21,0,2019-05-21,10800,2019-05-21,19.35,6,85,23800,2007
"07239700","North Canadian River near Yukon, OK",-97.74254420,35.53949850,13456,14,3,16,2,17,0,2019-05-22,19300,2019-05-21,16.85,2,18,25100,2007
"07241000","North Canadian River blw Lk Overholser nr OKC, OK",-97.66337520,35.47866848,13493,24,2,27,0,29,0,2019-05-22,10300,2019-05-22,25.35,8,65,135000,1923
"07241520","North Canadian River at Britton Rd at OKC, OK",-97.36725800,35.56561470,13688,17,3,21,0,26,0,2019-05-21,20700,2019-05-21,20.81,7,29,38100,1993
"07241550","North Canadian River near Harrah, OK",-97.19391940,35.50034120,13775,14,5,16,3,18,2,2019-05-21,15700,2019-05-21,18.32,8,49,27200,1987
"07242380","Deep Fork at Warwick, OK",-97.00836150,35.68089589,527,21,3,23,3,25,2,2019-05-21,14000,2019-05-21,26.95,11,33,34600,1995
"07243500","Deep Fork near Beggs, OK",-96.06860770,35.67398760,2004,18,6,22,5,27,0,2019-05-26,20300,2019-05-26,26.13,18,79,66800,1943
"07249413","Poteau River near Panama, OK",-94.65300160,35.16565268,1785,29,3,33,2,41,0,2019-05-27,18400,2019-05-27,35.15,17,28,82100,2015
"07250550","AR River at James W. Trimble L&D nr Van Buren, AR",-94.29833330,35.34888889,151000,392.5,2,-999,-999,-999,-999,2019-05-20,142000,2019-05-23,397.44,33,47,401000,1990
"07258000","Arkansas River at Dardanelle, AR",-93.14944440,35.22611110,154000,32,4,36,3,40,1,-999,-999,2019-05-27,42.07,-999,-999,-999,-999
"07260800","Arkansas River near Morrilton, AR",-92.73166670,35.12694444,155000,30,4,34,3,38,1,-999,-999,2019-05-27,39.78,-999,-999,-999,-999
"07263650","Arkansas River at Pine Bluff, AR",-91.99555560,34.29027778,159000,42,2,44,0,45,0,-999,-999,2019-05-27,43.78,-999,-999,-999,-999
"07288700","BIG SUNFLOWER RIVER NR ANGUILLA, MS",-90.77787580,32.97179360,2578.67,45,8,48,6,50,0,-999,-999,2019-05-22,48.21,-999,-999,-999,-999
"07289000","MISSISSIPPI RIVER AT VICKSBURG, MS",-90.90583330,32.31500000,1144500,43,8,46,8,50,1,2019-05-24,1640000,2019-05-21,50.00,22,103,2310000,2011
"07289730","BIG BLACK RIVER NR BENTONIA, MS",-90.36388890,32.60305556,2340,22,2,25,0,29,0,2019-05-20,10800,2019-05-20,24.29,55,78,86000,1983
"07290000","BIG BLACK RIVER NR BOVINA, MS",-90.69694440,32.34777778,2812,28,4,38,0,40,0,2019-05-20,13000,2019-05-20,32.00,77,82,92300,1983
"07299540","Pr Dog Twn Fk Red Rv nr Childress, TX",-100.19400230,34.56922728,7725,10,1,14,0,20,0,2019-05-26,5590,2019-05-26,10.03,43,53,92300,2015
"07299670","Groesbeck Ck at SH 6 nr Quanah, TX",-99.74037190,34.35451979,303,14,2,18,2,22,0,2019-05-25,5100,2019-05-25,19.03,10,56,18000,1983
"07301500","North Fork Red River near Carter, OK",-99.50731280,35.16810838,2652,16,3,17,1,18,0,2019-05-26,10900,2019-05-26,17.84,22,89,53400,1959
"07305000","North Fork Red River near Headrick, OK",-99.10369100,34.63812660,4560,14,7,16,4,19,1,2019-05-27,49200,2019-05-27,21.13,5,84,60000,1935
"07307010","Otter Creek near Snyder, OK",-98.99868760,34.63784918,162,11,5,13,2,15,0,-999,-999,2019-05-25,14.19,-999,-999,-999,-999
"07307028","North Fork Red River near Tipton, OK",-99.20813890,34.50702089,5010,14,5,16,1,18,0,2019-05-27,32700,2019-05-27,17.48,4,34,57200,1986
"07308200","Pease Rv nr Vernon, TX",-99.32333330,34.17958330,3488,15,1,17,0,19,0,2019-05-26,19500,2019-05-26,16.83,12,56,40500,1983
"07308500","Red Rv nr Burkburnett, TX",-98.53172340,34.11009327,20570,9,2,12,0,14,0,2019-05-27,24500,2019-05-27,9.83,32,58,174000,1995
"07311000","East Cache Creek near Walters, OK",-98.28254680,34.36230747,694,21,7,22,6,26,4,2019-05-26,8430,2019-05-26,27.38,29,74,50900,1983
"07311500","Deep Red Creek near Randlett, OK",-98.45311040,34.22092454,604,20,6,23,2,26,0,2019-05-23,9110,2019-05-23,24.19,30,68,72300,1983
"07311800","S Wichita Rv nr Benjamin, TX",-99.80092520,33.64425700,584,12,2,14,2,16,1,2019-05-21,2180,2019-05-21,16.25,35,57,14900,1990
"07311900","Wichita Rv nr Seymour, TX",-99.38869050,33.70036966,1874,13,2,15,2,17,0,2019-05-22,8010,2019-05-22,16.98,13,40,23100,1965
"07312200","Beaver Ck nr Electra, TX",-98.90506660,33.90592785,652,24,6,26,5,28,3,2019-05-23,4420,2019-05-23,30.81,14,57,11700,1961
"07313000","Little Beaver Creek near Duncan, OK",-98.11420680,34.49313567,157,20,1,-999,-999,-999,-999,-999,-999,2019-05-21,23.71,-999,-999,-999,-999
"07314900","Little Wichita Rv abv Henrietta, TX",-98.24004580,33.82676660,1037,17,5,22,0,25,0,2019-05-23,1220,2019-05-23,18.21,42,65,14200,1990
"07315700","Mud Creek near Courtney, OK",-97.56696800,34.00426516,574,20,3,25,0,30,0,2019-05-22,1830,2019-05-22,21.15,49,58,64300,2015
"07324400","Washita River near Foss, OK",-99.16981280,35.53893790,1526,18,2,20,0,22,0,2019-05-26,2000,2019-05-26,19.34,8,58,14000,1957
"07325000","Washita River near Clinton, OK",-98.96702960,35.53088320,1961,18,5,20,3,24,0,2019-05-27,4680,2019-05-27,23.28,28,84,90000,1934
"07325500","Washita River at Carnegie, OK",-98.56395030,35.11728108,3116,25,2,27,2,29,1,-999,-999,2019-05-27,30.37,-999,-999,-999,-999
"07326500","Washita River at Anadarko, OK",-98.24338490,35.08422846,3640,19,4,21,2,23,0,2019-05-27,10600,2019-05-27,22.36,15,63,52800,1995
"07342500","S Sulphur Rv nr Cooper, TX",-95.59495620,33.35649900,527,16,8,20,0,25,0,2019-05-20,3520,2019-05-20,19.55,66,75,47200,1982
"07343200","Sulphur Rv nr Talco, TX",-95.13244280,33.38622330,1365,20,5,26,0,27.5,0,2019-05-20,11000,2019-05-20,24.13,54,61,79800,2001
"07346310","USCOE Caddo Lk nr Mooringsport, LA",-93.91962550,32.70514488,-999,172,10,174.5,0,178,0,-999,-999,2019-05-20,174.10,-999,-999,-999,-999
"07348500","(COE) Red River at Shreveport, LA",-93.74045650,32.51542970,60613.00,30,2,31.5,0,33,0,-999,-999,2019-05-22,30.08,-999,-999,-999,-999
"07348700","Bayou Dorcheat near Springhill, LA",-93.39656000,32.99458130,605.00,11,8,18,0,21,0,2019-05-22,2490,2019-05-22,13.29,54,60,36700,1997
"07349650","(COE) Byu Bodcau Lake nr Shreveport, LA (Landside)",-93.51045210,32.70236807,668.00,172,8,192,0,198,0,-999,-999,2019-05-20,188.93,-999,-999,-999,-999
"07350500","(COE) Red River at Coushatta",-93.35295020,32.01266134,63362.00,31,5,33,0,37,0,-999,-999,2019-05-20,31.81,-999,-999,-999,-999
"07362000","Ouachita River at Camden, AR",-92.81805560,33.59638889,5360,26,8,36,0,40,0,2019-05-24,26300,2019-05-23,30.48,79,88,243000,1945
"07367005","Ouachita River at West Monroe, LA",-92.11972220,32.50027778,15298,40,8,43,8,45,8,2019-05-23,77200,2019-05-23,45.88,3,10,88500,2009
"07369649","Tensas River South of Newlight, LA",-91.48984150,32.08932064,957.00,55,8,57,0,60,0,-999,-999,2019-05-20,55.64,-999,-999,-999,-999
"07372200","Little River near Rochelle, LA",-92.34458330,31.75433630,1899.00,32,1,38,0,42,0,2019-05-20,8170,2019-05-20,32.04,54,60,133000,2016
"07381515","Atchafalaya River at Butte La Rose, LA",-91.68677970,30.28158638,-999,20,8,25,0,28,0,-999,-999,2019-05-24,20.19,-999,-999,-999,-999
"07381600","Lower Atchafalaya River at Morgan City, LA",-91.21193680,29.69281939,-999,6,8,7,8,12,0,2019-05-23,333000,2019-05-21,8.55,5,41,512000,2011
"07386880","Vermilion River at Surrey St. at Lafayette, LA",-91.99289750,30.21742290,-999,10,7,14,0,16,0,2019-05-21,2680,2019-05-20,11.85,36,50,6280,1989
"07387040","Vermilion Bay near Cypremort Point, LA",-91.88039820,29.71326575,-999,4,2,-999,-999,-999,-999,-999,-999,2019-05-21,4.88,-999,-999,-999,-999
"08012150","Mermentau River At Mermentau, LA",-92.59055560,30.19000000,1381.00,4,8,6,0,8,0,2019-05-20,12300,2019-05-20,5.15,28,74,58000,1985
"08013000","Calcasieu River nr Glenmora, LA",-92.67361110,30.99666667,499.00,12,7,16,0,18,0,2019-05-23,4120,2019-05-23,14.13,65,74,59900,1953
"08013500","Calcasieu River near Oberlin, LA",-92.81403680,30.64047570,753.00,13,4,15,0,19,0,2019-05-22,5310,2019-05-22,14.33,72,81,72800,1953
"08014500","Ouiska Chitto Creek Near Oberlin, LA",-92.89319440,30.69875000,510.00,15,3,20,0,23,0,2019-05-22,7230,2019-05-22,17.00,54,79,144000,1953
"08014800","Bundick Creek near DeRidder, LA",-93.23016190,30.81880557,120.00,20,1,21.5,0,22.5,0,2019-05-20,8810,2019-05-20,20.72,9,36,33600,1953
"08015500","Calcasieu River near Kinder, LA",-92.91541670,30.50255556,1700,16,4,20,0,23,0,2019-05-22,16600,2019-05-22,17.65,61,81,182000,1953
"08017300","S Fk Sabine Rv nr Quinlan, TX",-96.25331180,32.89790085,78.7,15,1,18,0,20,0,2019-05-20,1150,2019-05-20,15.36,58,59,23040,1981
"08018500","Sabine Rv nr Mineola, TX",-95.48579010,32.61374667,1357,14,8,18,0,21,0,2019-05-20,6930,2019-05-20,17.20,53,71,76000,1945
"08019200","Sabine Rv nr Hawkins, TX",-95.20661400,32.55986369,2259,23,7,32,0,37,0,2019-05-20,10300,2019-05-20,27.93,13,20,42500,2015
"08020000","Sabine Rv nr Gladewater, TX",-94.96021750,32.52708909,2791,26,8,33,3,36,0,2019-05-20,14100,2019-05-20,34.48,44,88,138000,1945
"08020900","Sabine Rv bl Longview, TX",-94.70993240,32.41681793,3155,25,8,30,5,35,0,2019-05-20,21400,2019-05-20,33.62,5,22,40100,2016
"08022040","Sabine Rv nr Beckville, TX",-94.35353020,32.32737887,3589,26,8,30,1,35,0,2019-05-20,26200,2019-05-20,30.12,19,79,123000,1945
"08022500","Sabine Rv at Logansport, LA",-94.00630140,31.97238949,4842,28,8,32,0,34,0,2019-05-21,32600,2019-05-21,31.43,17,87,92000,1945
"08028000","Bayou Anacoco near Rosepine, LA",-93.35294380,30.95297038,365.00,17,3,21,0,24,0,2019-05-20,5450,2019-05-20,20.31,41,66,64300,1953
"08028500","Sabine Rv nr Bon Wier, TX",-93.60850800,30.74714557,8229,30,8,33,8,36,0,2019-05-20,50100,2019-05-20,35.44,21,95,279000,2016
"08029500","Big Cow Ck nr Newton, TX",-93.78555560,30.81888889,128,15,2,16,1,18,0,2019-05-20,5650,2019-05-20,17.17,24,67,41500,2006
"08030500","Sabine Rv nr Ruliff, TX",-93.74377840,30.30381684,9329,24,8,26,5,28,0,2019-05-23,53500,2019-05-23,26.38,28,106,206000,2016
"08030540","Sabine Rv (at Navy Pier) at Orange, TX",-93.72155440,30.09798774,-999,4,1,5,0,6,0,-999,-999,2019-05-22,4.01,-999,-999,-999,-999
"08032000","Neches Rv nr Neches, TX",-95.43078600,31.89239037,1145,12,8,18,0,24,0,2019-05-20,4660,2019-05-20,15.45,48,79,45500,1945
"08032500","Neches Rv nr Alto, TX",-95.16599650,31.57945569,1945,16,8,18,5,20,3,2019-05-20,21200,2019-05-20,22.03,8,37,50000,1884
"08033000","Neches Rv nr Diboll, TX",-94.80993060,31.13296574,2724,12,8,17,0,20,0,2019-05-24,17000,2019-05-24,15.71,27,81,110000,1884
"08033900","E Fk Angelina Rv nr Cushing, TX",-94.82326970,31.86017169,158,15,2,17,0,19,0,2019-05-20,2930,2019-05-20,16.19,19,28,19800,1988
"08036500","Angelina Rv nr Alto, TX",-94.95271520,31.67184364,1276,29,2,31,0,33,0,2019-05-21,12000,2019-05-21,29.16,17,62,42500,1989
"08038000","Attoyac Bayou nr Chireno, TX",-94.30436770,31.50434957,503,14,8,22,0,26,0,2019-05-21,8700,2019-05-21,19.65,36,82,50000,1902
"08039100","Ayish Bayou nr San Augustine, TX",-94.15102890,31.39629597,89.0,12,1,16,0,17,0,2019-05-20,1820,2019-05-20,12.75,48,60,42100,2008
"08040600","Neches Rv nr Town Bluff, TX",-94.15102370,30.79103579,7574,68,4,72,0,82.5,0,2019-05-20,21600,2019-05-20,69.00,30,68,120000,1884
"08041700","Pine Island Bayou nr Sour Lake, TX",-94.33463240,30.10604640,336,25,1,29,0,32,0,2019-05-20,1810,2019-05-20,25.16,46,50,50500,2017
"08041780","Neches Rv Saltwater Barrier at Beaumont, TX",-94.11434690,30.15687800,9789,4,7,6,0,8,0,2019-05-20,25700,2019-05-20,5.13,10,13,232000,2017
"08044500","W Fk Trinity Rv nr Boyd, TX",-97.55863600,33.08539917,1725,16,5,20,0,24,0,2019-05-21,4240,2019-05-21,17.59,31,70,60400,1981
"08053500","Denton Ck nr Justin, TX",-97.29057320,33.11901003,400,10,1,15,0,17,0,2019-05-20,1990,2019-05-20,10.71,50,68,34700,1981
"08055500","Elm Fk Trinity Rv nr Carrollton, TX",-96.94445000,32.96595700,2459,8,4,10,0,12,0,2019-05-27,7050,2019-05-27,8.40,57,95,145000,1908
"08057000","Trinity Rv at Dallas, TX",-96.82194640,32.77485170,6106,30,5,38,0,40,0,2019-05-20,22400,2019-05-20,36.15,59,114,184000,1908
"08062500","Trinity Rv nr Rosser, TX",-96.46304150,32.42652988,8147,31,1,36,0,38,0,2019-05-21,28400,2019-05-21,31.12,40,81,150000,1942
"08062700","Trinity Rv at Trinidad, TX",-96.10247080,32.14765255,8538,33,8,40,0,46,0,2019-05-24,24000,2019-05-24,39.07,38,53,94500,1990
"08065000","Trinity Rv nr Oakwood, TX",-95.78940290,31.64850597,12833,35,8,40,5,45,0,2019-05-20,47400,2019-05-20,44.34,40,96,180000,1890
"08065350","Trinity Rv nr Crockett, TX",-95.65634070,31.33851319,13911,41,6,45,3,48,0,2019-05-20,59800,2019-05-20,45.88,11,55,109000,1990
"08066000","Trinity Rv at Riverside, TX",-95.39883000,30.85935514,15589,133.5,8,136,8,140,0,-999,-999,2019-05-25,136.83,-999,-999,-999,-999
"08067000","Trinity Rv at Liberty, TX",-94.81825670,30.05771539,17468,26,8,27,8,29,1,2019-05-20,52400,2019-05-20,29.14,29,77,135000,1994
"08067100","Trinity Rv nr Moss Bluff, TX",-94.77436600,29.94188470,17573,12.2,8,15.2,0,17.2,0,-999,-999,2019-05-20,14.48,-999,-999,-999,-999
"08068500","Spring Ck nr Spring, TX",-95.43632750,30.11049517,409,-999,-999,-999,-999,-999,-999,2019-05-20,382,2019-05-20,75.21,80,80,78800,1994
"08069500","W Fk San Jacinto Rv nr Humble, TX",-95.25798880,30.02716385,1741,-999,-999,-999,-999,-999,-999,2019-05-21,2430,2019-05-20,42.69,-9,26,187000,1940
"08110500","Navasota Rv nr Easterly, TX",-96.29774300,31.17018205,968,19,3,23,2,26,0,2019-05-20,21600,2019-05-20,24.31,36,94,90000,1899
"08110800","Navasota Rv at Old San Antonio Rd nr Bryan, TX",-96.24162740,30.97379870,1287,15,3,18,0,20,0,2019-05-21,9440,2019-05-21,16.70,17,21,54300,2009
"08170950","Blanco Rv at Fischer Store Rd nr Fischer, TX",-98.20036110,30.00058333,-999,17,8,23,0,38,0,2019-05-20,354,2019-05-24,21.65,-999,-999,-999,-999
"08177520","Guadalupe Rv nr Bloomington, TX",-96.96527780,28.66194444,5816,20,2,24,0,27,0,2019-05-20,3740,2019-05-20,20.38,-999,-999,-999,-999
"411925089063901","ILLINOIS RIVER NEAR LA SALLE, IL (CORPS)",-89.11091680,41.32364590,12572,20,8,27,0,31,0,-999,-999,2019-05-24,25.26,-999,-999,-999,-999
